<helpdata>

<item>
<helpID>
MainHelp
</helpID>
<description>
Help for BGMNwin when no window is open
</description>
<content>
This is BGMNwin V1.8.5, a GUI
(Graphical User Interface) for BGMN
plus related programs.
</content>
</item>

<item>
<helpID>
DeviceFunctionWindow
</helpID>
<description>
Help for the window that shows the device profile
</description>
<content>
The device profile: geometric only part of the profile shape
as used by BGMN. Use the bottom scrollbar to select the
angle 2 Theta, for which you want to display this function.
</content>
</item>

<item>
<helpID>
DeviceFunctionOpenSAVFileDialog
</helpID>
<description>
DeviceFunctionOpenSAVFileDialog
</description>
<content>
Here, select some <code>*.sav</code> file. It must contain
the entry <code>VERZERR=</code> (usual contained in all kinds of 
<code>*.sav</code> files, and this files (<code>*.ger</code> and/or
<code>*.geq</code> must exist. In following, you
may observe the behaviour of the device profile
(the geometric only part of the profile shape as used
by BGMN) for different angles 2 Theta.
</content>
</item>

<item>
<helpID>
DeviceFunctionErrorBuffer
</helpID>
<description>
Help for the Window that opens when an error during gertest occured
</description>
<content>
Unable to calculate the device function,
this window gives a detailed error message.
</content>
</item>


<item>
<helpID>
ImagePreferencesDialog
</helpID>
<description>
Help for the dialog that comes up when you do a Tools -> Save Diagramm
</description>
<content>
Here, you may select the features of a TIFF image file (uncompressed
24 bit RGB) containing the actual diagram:
<dl>
<dt>Image file name:
<dd>name and position of the TIFF file. May be selected using the
    <b>Browse</b> button.
<dt>Image width, Image height:
<dd>Dimension (in pixels) of the file
<dt>Line Thickness
<dd>default value 2. For large dimensions, you may chose larger values.
Line thickness, length of the ticks and font size will be enlarged.
</dl>
</content>
</item>

<item>
<helpID>
ImagePreferencesDialogBrowseDialog
</helpID>
<description>
Help for the dialog that comes up when you do a Tools -> Save Diagramm
And there you press Browse
</description>
<content>
Here, you may browse and select the name plus position of a TIFF file
(24 bit uncompressed RGB) containing the actual view of the diagram.
</content>
</item>

<item>
<helpID>
ImagePreferencesProgressDialog
</helpID>
<description>
Help for the dialog that comes up when you press OK in the Save Diagramm
Dialog
</description>
<content>
ImagePreferencesProgressDialog
</content>
</item>

<item>
<helpID>
MenuHelpHelpLinuxOS2
</helpID>
<description>
For Linux/OS/2
Help for the Menu Help under the main menu Help
</description>
<content>
<b>BGMNwin is a Graphical User Interface (GUI) for the 4 most useful
programs of the BGMN package:</b>
<dl>
<dt><b>BGMN</b><dd>the Rietveld refinement kernel
<dt><b>VERZERR</b><dd>program for the extraction of the geometric profile 
part from experimental reference lines
<dt><b>GEOMET</b><dd>program for the Monte Carlo raytracing simulation of 
the geometric part from the diffraction optics
<dt><b>MAKEGEQ</b><dd>program for the interpolation of geometric profiles 
as calculated by GEOMET or VERZERR
</dl>
All but one input or output of these programs are ASCII style files. 
<p>
The input files are read by an interpreter language. 
Therefore, the format of the assignments is free.
<p>
<b>BGMNwin uses the following files:</b>
<dl>
<dt><code>*.sav</code><dd>main control files for all programs.
<dt><code>*.str</code><dd>structure description file, contains the 
structure specific information.
<dt><code>*.ger</code><dd>simulated or extracted geometric profiles for 
discrete angles, necessary for the interpolation in MAKEGEQ.
<dt><code>*.geq</code><dd>result of interpolation of the geometric profiles 
by MAKEGEQ. The only binary file used by BGMN. Necessary for BGMN.
</dl>
<b>BGMNwin can generate the following files:</b>
<dl>
<dt><code>*.lst</code><dd>results of a refinement. Contains all refined 
parameters and error information.
<dt><code>*.sto</code><dd>structure description file containing the refined 
structure parameters using the <code>*.str</code> format.
<dt><code>*.pdb</code><dd>refined structure parameters in Cartesian 
co-ordinates compatible to the Brookhaven Protein database format. 
Can be used for representation with RasMol.
<dt><code>*.res</code><dd>refined structure parameters in the ShelX format.
<dt><code>*.dia</code><dd>four column diagram of angle, measured intensity, 
calculated intensity and background intensity for graphical representation 
of the pattern fitting by other programs,
<dt><code>*.par</code><dd>list of refined peak parameters. Can be converted 
in a peak table by the output command.
</dl>
<b>For more information like ASCII file formatting, possible keywords, program
features:</b>
<ul>
<li>Have a look at the HTML documentation as installed together with BGMNwin.
<li>Open an existing <code>*.sav</code> or <code>*.str</code> file and use
the F1 key while having the cursor on any keyword.
</ul>
</content>
</item>

<item>
<helpID>
MenuHelpHelpWindows
</helpID>
<description>
For Windows
Help for the Menu Help under the main menu Help
</description>
<content>
<b>BGMNwin is a Graphical User Interface (GUI) for the 4 most useful
programs of the BGMN package:</b>
<dl>
<dt><b>BGMN</b><dd>the Rietveld refinement kernel
<dt><b>VERZERR</b><dd>program for the extraction of the geometric profile 
part from experimental reference lines
<dt><b>GEOMET</b><dd>program for the Monte Carlo raytracing simulation of 
the geometric part from the diffraction optics
<dt><b>MAKEGEQ</b><dd>program for the interpolation of geometric profiles 
as calculated by GEOMET or VERZERR
</dl>
All but one input or output of these programs are ASCII style files. 
<p>
The input files are read by an interpreter language. 
Therefore, the format of the assignments is free.
<p>
<b>BGMNwin uses the following files:</b>
<dl>
<dt><code>*.sav</code><dd>main control files for all programs.
<dt><code>*.str</code><dd>structure description file, contains the 
structure specific information.
<dt><code>*.ger</code><dd>simulated or extracted geometric profiles for 
discrete angles, necessary for the interpolation in MAKEGEQ.
<dt><code>*.geq</code><dd>result of interpolation of the geometric profiles 
by MAKEGEQ. The only binary file used by BGMN. Necessary for BGMN.
</dl>
<b>BGMNwin can generate the following files:</b>
<dl>
<dt><code>*.lst</code><dd>results of a refinement. Contains all refined 
parameters and error information.
<dt><code>*.sto</code><dd>structure description file containing the refined 
structure parameters using the <code>*.str</code> format.
<dt><code>*.pdb</code><dd>refined structure parameters in Cartesian 
co-ordinates compatible to the Brookhaven Protein database format. 
Can be used for representation with RasMol.
<dt><code>*.res</code><dd>refined structure parameters in the ShelX format.
<dt><code>*.dia</code><dd>four column diagram of angle, measured intensity, 
calculated intensity and background intensity for graphical representation 
of the pattern fitting by other programs,
<dt><code>*.par</code><dd>list of refined peak parameters. Can be converted 
in a peak table by the output command.
</dl>
<b>For more information like ASCII file formatting, possible keywords, program
features:</b>
<ul>
<li>Have a look at the BGMN help as installed together with BGMNwin, 
use the <b>BGMN help</b> icon.
<li>Open an existing <code>*.sav</code> or <code>*.str</code> file and use
the F1 key while having the cursor on any keyword.
</ul>
</content>
</item>

<item>
<helpID>
OpenControlFileDialog
</helpID>
<description>
Help for Menu File -> Open Control File
Inside the open file dialog
</description>
<content>
Select any program control file
(for BGMN, Verzerr, MakeGEQ of Geomet)
</content>
</item>

<item>
<helpID>
SaveControlFileDialog
</helpID>
<description>
Help for Menu File -> Save Control File
Inside the save file dialog
</description>
<content>
Select folder plus name for the new control file
</content>
</item>

<item>
<helpID>
SaveControlFileAsDialog
</helpID>
<description>
Help for Menu File -> Save Control File As
Inside the save file dialog
</description>
<content>
Select folder plus name the control file
will be saved as
</content>
</item>

<item>
<helpID>
OpenStructureFileDialog
</helpID>
<description>
Help for Menu File -> Open Structure File
Inside the open file dialog
</description>
<content>
Select a structure definition file
</content>
</item>

<item>
<helpID>
SaveStructureFileDialog
</helpID>
<description>
Help for Menu File -> Save Structure File
Inside the save file dialog
</description>
<content>
Select folder plus name for the new
structure definition file
</content>
</item>

<item>
<helpID>
SaveStructureFileAsDialog
</helpID>
<description>
Help for Menu File -> Save Structure File As
Inside the save file dialog
</description>
<content>
Select folder plus name the structure definition file
will be saved as
</content>
</item>

<item>
<helpID>
SelectBGMNControlFile
</helpID>
<description>
Help for the Select a Control file dialog
Used for BGMN
</description>
<content>
Select a control file designed for BGMN
</content>
</item>

<item>
<helpID>
SelectBGMNControlFileInsideBrowse
</helpID>
<description>
Help for the Select a Control file dialog when the user has pressed Browse and is in the Browse dialog
Used for BGMN
</description>
<content>
Browse for a control file designed for BGMN
</content>
</item>

<item>
<helpID>
SelectVerzerrControlFile
</helpID>
<description>
Help for the Select a Control file dialog
Used for VERZERR
</description>
<content>
Select a control file designed for Verzerr
</content>
</item>

<item>
<helpID>
SelectVerzerrControlFileInsideBrowse
</helpID>
<description>
Help for the Select a Control file dialog when the user has pressed Browse and is in the Browse dialog
Used for VERZERR
</description>
<content>
Browse for a control file designed for Verzerr
</content>
</item>

<item>
<helpID>
SelectGeometControlFile
</helpID>
<description>
Help for the Select a Control file dialog
Used for GEOMET
</description>
<content>
Select a control file designed for Geomet
</content>
</item>

<item>
<helpID>
SelectGEOMETControlFileInsideBrowse
</helpID>
<description>
Help for the Select a Control file dialog when the user has pressed Browse and is in the Browse dialog
Used for GEOMET
</description>
<content>
Browse for a control file designed for Geomet
</content>
</item>

<item>
<helpID>
SelectMakeGEQControlFile
</helpID>
<description>
Help for the Select a Control file dialog
Used for MakeGEQ
</description>
<content>
Select a control file designed for MakeGEQ
</content>
</item>

<item>
<helpID>
SelectMakeGEQControlFileInsideBrowse
</helpID>
<description>
Help for the Select a Control file dialog when the user has pressed Browse and is in the Browse dialog
Used for MAKEGEQ
</description>
<content>
Browse for a control file designed for MakeGEQ
</content>
</item>

<item>
<helpID>
SelectAddParametersBGMN
</helpID>
<description>
Help for the dialog where the user can select additional parameters
Used only for BGMN
Conside the 3 checkboxes when writing help
</description>
<content>
Here, you may give additional equations for BGMN.
They are merged into the BGMN control file.
Additional, you may set/unset the switches for
<ul>
<li>Generating a result file
<li>showing the Diagram after calculation
<li>showing the diagram during calculation
</ul>
Showing a diagram needs an equation of the kind
DIAGRAMM=filename
in the BGMN control file.
</content>
</item>

<item>
<helpID>
SelectAddParametersOthers
</helpID>
<description>
Help for the dialog where the user can select additional parameters
Used only for Verzerr, Geomet, MakeGEQ
</description>
<content>
Here, you may select additional equations.
They are merged into the selected control file.
</content>
</item>

<item>
<helpID>
BGMNConsole
</helpID>
<description>
Help for the console
Used for all programs
</description>
<content>
This is the output of BGMN (or the other programs).
</content>
</item>

<item>
<helpID>
DiaWindow
</helpID>
<description>
Help for the DIA Window
Used during the calculation and also if you do Tools -> Show Diagram
</description>
<content>
Here, you may inspect the refinement of the pattern
during or after claculation.<br>
You may zoom into the pattern by selecting a rectangular area
with the left mouse button. The right button reverses all zoom,
the whole pattern will be visible again.
At the top menu bar, you may select (from left to right):
<ul>
<li>Save current pattern as visible
<li>print current pattern as visible
<li>show calculated profiles (all phases as refined)
<li>show database lines (all phases as stored in subdirectory <b>structures</b>
    available)
</ul>

</content>
</item>

<item>
<helpID>
LstWindow
</helpID>
<description>
Help for the Lst Window
Used when the results are displayed after the calculation and also if you do Tools -> Show Results
</description>
<content>
This is the result file for the BGMN run.
</content>
</item>

<item>
<helpID>
PeakListWindow
</helpID>
<description>
Help for the peak list window
Used when you do Tools -> Show Peak List
</description>
<content>
This is the peak table generated from the results
of the corresponding BGMN run.
</content>
</item>

<item>
<helpID>
FileEditorTypeSAV
</helpID>
<description>
Used when editing a file of type SAV
This text is used if you open an existing SAV file or create a new SAV file.
</description>
<content>
Here, you may edit any control file. For understanding the meaning of the
different entries:
<ul>
<li>have a look on the attached BGMNwin help (HTML, to be viewed with
Netscape or Internet Explorer) <b>OR</b>
<li>just open an exemplary file of the type you need (control file
for either BGMN, GEOMET, MAKEGEQ or VERZERR), set the cursor to some
content and press F1. You will get help.
</ul>
</content>
</item>

<item>
<helpID>
FileEditorTypeSTR
</helpID>
<description>
Used when editing a file of type STR
This text is used if you open an existing STR file or create a new STR file.
</description>
<content>
Here, you may edit a structure definition file.
Please, read the attached HTML document for
understanding the structure description language.
</content>
</item>

<item>
<helpID>
FileEditorTypeCFGBGMN
</helpID>
<description>
Used when editing a file of type CFG for BGMN
This text is used if you open an existing CFG file or create a new CFG file.
</description>
<content>
Here, you may give defaults for each BGMN run.
The equations are used in addition to those
in the control file. But, control (or
structure definition) file entries
superpose these entries.
</content>
</item>

<item>
<helpID>
FileEditorTypeCFGVerzerr
</helpID>
<description>
Used when editing a file of type CFG for Verzerr
This text is used if you open an existing CFG file or create a new CFG file.
</description>
<content>
Here, you may give defaults for each Verzerr run.
The equations are used in addition to those
in the control file. But, control file entries
superpose these entries.
</content>
</item>

<item>
<helpID>
FileEditorTypeCFGGeomet
</helpID>
<description>
Used when editing a file of type CFG for Geomet
This text is used if you open an existing CFG file or create a new CFG file.
</description>
<content>
Here, you may give defaults for each Geomet run.
The equations are used in addition to those
in the control file. But, control file entries
superpose these entries.
</content>
</item>

<item>
<helpID>
FileEditorTypeCFGMakeGEQ
</helpID>
<description>
Used when editing a file of type CFG for MakeGEQ
This text is used if you open an existing CFG file or create a new CFG file.
</description>
<content>
Here, you may give defaults for each MakeGEQ run.
The equations are used in addition to those
in the control file. But, control file entries
superpose these entries.
</content>
</item>

<item>
<helpID>
OpenDIAFileInsideBrowse
</helpID>
<description>
Used in the tools menu -> Show Diagram
Inside the File Open Dialog, where the user browses for a *.dia file.
</description>
<content>
Browse for a Diagram file.
This diagram will be shown.
</content>
</item>

<item>
<helpID>
OpenLSTFileInsideBrowse
</helpID>
<description>
Used in the tools menu -> Show Results
Inside the File Open Dialog, where the user browses for a *.lst file.
</description>
<content>
Browse for a file containing BGMN results.
This file will be shown.
</content>
</item>

<item>
<helpID>
OpenPeakFileInsideBrowse
</helpID>
<description>
Used in the tools menu -> Show Peak List
Inside the File Open Dialog, where the user browses for a *.sav file.
BGMNwin uses the *.sav file to find the *.par file
</description>
<content>
Browse for a BGMN control file. A peak list
of the last BGMN run will be generated.
</content>
</item>

<item>
<helpID>
OptionsDialogPathPage
</helpID>
<description>
BGMNwin Options Dialog Path Page
Is used when the user presses F1 in the dialog on the path page
</description>
<content>
These variables are needed by the BGMN kernel:
<dl>
<dt>BGMN path:<dd>directory, where the BGMN EXEs reside
<dt>EFLECH:<dd>directory, where BGMN searches its default files, e.g. err.msg
</dl>
In Windows, the right directories are set during installation.
</content>
</item>

<item>
<helpID>
OptionsDialogPathPageInsideBrowseBGMN
</helpID>
<description>
Help for the JFileChooser dialog on the path page where you have to select BGMN path
</description>
<content>
Please select the directory where the 
BGMN executables reside
</content>
</item>

<item>
<helpID>
OptionsDialogPathPageInsideBrowseEFLECH
</helpID>
<description>
Help for the JFileChooser dialog on the path page where you have to select eflech path
</description>
<content>
Please select the directory where the BGMN default data
(e.g. err.msg) reside
</content>
</item>

<item>
<helpID>
OptionsDialogBGMNPage
</helpID>
<description>
BGMNwin Options Dialog BGMN Page
Is used when the user presses F1 in the dialog on the BGMN page
</description>
<content>
<ul>
<b>Priority for BGMN:</b>Please do not use high values.
  The JAVA program will not work correctly.
<p>
<b>Show results after claculation,<br>
Show diagram after calculation,<br>
Show diagram durcing calculation:</b><br>
These three checkboxes preselect
the corresponding checkboxes in the Run BGMN dialog.
</content>
</item>

<item>
<helpID>
OptionsDialogVerzerrPage
</helpID>
<description>
BGMNwin Options Dialog Verzerr Page
Is used when the user presses F1 in the dialog on the Verzerr page
</description>
<content>
<b>Priority for VERZERR:</b> Please do not use high values.
The JAVA program will not work correctly.
</content>
</item>

<item>
<helpID>
OptionsDialogGeometPage
</helpID>
<description>
BGMNwin Options Dialog Geomet Page
Is used when the user presses F1 in the dialog on the Geomet page
</description>
<content>
<b>Priority for Geomet:</b> Please do not use high values.
The JAVA program will not work correctly.
</content>
</item>

<item>
<helpID>
OptionsDialogMakeGEQPage
</helpID>
<description>
BGMNwin Options Dialog MakeGEQ Page
Is used when the user presses F1 in the dialog on the MakeGEQ page
</description>
<content>
<b>Priority for MakeGEQ:</b> Please do not use high values.
The JAVA program will not work correctly.
</content>
</item>

<item>
<helpID>
FileEditorSearchDialog
</helpID>
<description>
in the file editor; the search dialog
</description>
<content>
Enter some text the editor will search for.
You may give a replacement.
</content>
</item>

<item>
<helpID>
PrintPreviewDialog
</helpID>
<description>
The print preview dialog vor SAV, STR, Console, CFG, PeakList....
</description>
<content>
At first, select the right printer layout 
(orientation, paper type). Then, you will see 
a preview of the page(s) as to print.
</content>
</item>

<item>
<helpID>
ContextHelpWindow
</helpID>
<description>
Help for the Help Window that is opened when the user gets help inside 
a sav or str file
</description>
<content>
ContextHelpWindow
</content>
</item>

</helpdata>